,title,address,project_name,apartment_code,block_name,block_code,square,square_area,square_in_use,bedroom,wc,num_floor,floor,width,height,door,balcony,certificates,house_type,estate_type,office_type,apartment_type,status,furniture_status,estate_status,apartment_specific,house_specific,_type,price_m2,price_square
0,"Biệt thự đường Xô Viết Nghệ Tĩnh, 6,5x25m","Đường Xô Viết Nghệ Tĩnh, Phường 26, Quận Bình Thạnh, Tp Hồ Chí Minh",[],[],[],[],[],161 m²,230 m²,3 phòng,3 phòng,[],[],6.5 m,25 m,[],[],['Đã có sổ'],['Nhà biệt thự'],[],[],[],[],['Nội thất đầy đủ'],[],[],"['Hẻm xe hơi', 'Nở hậu']",[],"93,17 triệu/m²",15 tỷ- 161 m2đ
1,"Biệt Thự cách Quận 1 5 phút,140 m2,4 tầng,27,7 tỷ","Đường Hoàng Hoa Thám, Phường 7, Quận Bình Thạnh, Tp Hồ Chí Minh",[],[],[],[],[],140 m²,140 m²,4 phòng,4 phòng,[],[],8 m,18 m,[],[],['Đã có sổ'],['Nhà biệt thự'],[],[],[],[],['Nội thất cao cấp'],[],[],"['Hẻm xe hơi', 'Nở hậu']",[],"197,86 triệu/m²","27,7 tỷ- 140 m2đ"
2,Bán Nhà Thu Hồi Vốn Nhà 3L SHR Chợ Bùi Đình Tuý,Đường Bùi Đình Túy,[],[],[],[],[],50 m²,50 m²,4 phòng,3 phòng,[],[],4 m,13 m,['Nam'],[],['Đã có sổ'],['Nhà phố liền kề'],[],[],[],[],['Nội thất cao cấp'],[],[],['Hẻm xe hơi'],[],"147,6 triệu/m²","7,38 tỷ- 50 m2đ"
3,Biệt thự 3 tầng Bùi Hữu Nghĩa 216m2 sang trọng,"282, Đường Bùi Hữu Nghĩa, Phường 2, Quận Bình Thạnh, Tp Hồ Chí Minh",[],[],[],[],[],118 m²,216 m²,6 phòng,3 phòng,3,[],8 m,16 m,['Đông Nam'],[],['Đã có sổ'],['Nhà biệt thự'],[],[],[],[],['Nội thất cao cấp'],[],[],"['Hẻm xe hơi', 'Nở hậu']",[],"86,44 triệu/m²","10,2 tỷ- 118 m2đ"
4,"Kẹt tiền bán gấp MT 57 Tăng Bạt Hổ,Q.Bình Thạnh","Đường Tăng Bạt Hổ, Phường 11, Quận Bình Thạnh, Tp Hồ Chí Minh",[],[],[],[],[],420 m²,[],1 phòng,[],[],[],[],[],[],[],['Đã có sổ'],['Nhà biệt thự'],[],[],[],[],[],[],[],[],[],"96,43 triệu/m²","40,5 tỷ- 420 m2đ"
5,Biệt thự mặt tiền Quận Bình Thạnh 462m²,"226 Bạch Đằng ,phường 24, quận Bình Thạnh ,tp Hồ Chí Minh, Phường 24, Quận Bình Thạnh, Tp Hồ Chí Minh",[],[],[],[],[],462 m²,[],8 phòng,6 phòng,3,[],[],[],['Nam'],[],['Đã có sổ'],['Nhà biệt thự'],[],[],[],[],[],[],[],['Nở hậu'],[],"99,57 triệu/m²",46 tỷ- 462 m2đ
6,"Cần Bán Gấp Nhà mt hẻm 200 Bình Lợi, dt 7x18m,13tỷ","200/173, Đường Bình Lợi, Phường 13, Quận Bình Thạnh, Tp Hồ Chí Minh",[],[],[],[],[],126 m²,[],5 phòng,5 phòng,[],[],7 m,18 m,['Đông Nam'],[],['Đã có sổ'],['Nhà biệt thự'],[],[],[],[],[],[],[],['Hẻm xe hơi'],[],"103,17 triệu/m²",13 tỷ- 126 m2đ
7,Nhà Bùi Đình Túy 68m2 Sổ Hồng Riêng Bình Thạnh,"Đường Bùi Đình Túy, Phường 12, Quận Bình Thạnh, Tp Hồ Chí Minh",[],[],[],[],[],68 m²,[],4 phòng,5 phòng,3,[],[],[],['Đông'],[],['Đã có sổ'],['Nhà phố liền kề'],[],[],[],[],[],[],[],['Hẻm xe hơi'],[],"117,65 triệu/m²",8 tỷ- 68 m2đ
8,BÁN NHÀ MỚI XÂY ĐƯỜNG NGUYỄN VĂN ĐẬU F11 QBT,"Đường Nguyễn Văn Đậu, Phường 11, Quận Bình Thạnh, Tp Hồ Chí Minh",[],[],[],[],[],62 m²,230 m²,5 phòng,6 phòng,4,[],4.1 m,18 m,[],[],['Đã có sổ'],['Nhà phố liền kề'],[],[],[],[],[],[],[],['Hẻm xe hơi'],[],"133,87 triệu/m²","8,3 tỷ- 62 m2đ"
9,Biệt thự 179m2 đất đường 8m khu Nguyễn Hữu Cảnh,"Đường Nguyễn Hữu Cảnh, Phường 22, Quận Bình Thạnh, Tp Hồ Chí Minh",[],[],[],[],[],179 m²,[],5 phòng,6 phòng,[],[],10 m,20 m,[],[],['Đã có sổ'],['Nhà biệt thự'],[],[],[],[],[],[],[],[],[],"131,28 triệu/m²","23,5 tỷ- 179 m2đ"
10,Cần bán Villa sân vườn 313m2 gần MT Hoàng Hoa Thám,"Hoàng Hoa Thám, Phường 6, Quận Bình Thạnh, Tp Hồ Chí Minh",[],[],[],[],[],31 m²,750 m²,8 phòng,Nhiều hơn 6 phòng,3,[],14 m,25 m,['Tây Nam'],[],['Đã có sổ'],['Nhà biệt thự'],[],[],[],[],['Nội thất cao cấp'],[],[],['Hẻm xe hơi'],[],"870,97 triệu/m²",27 tỷ- 31 m2đ
11,"cần bán nhà phố đẹp ở đường XVNT,P26,Q Bình Thạnh","Đường Xô Viết Nghệ Tĩnh, Phường 26, Quận Bình Thạnh, Tp Hồ Chí Minh",[],[],[],[],[],72 m²,288 m²,8 phòng,Nhiều hơn 6 phòng,4,[],4 m,18 m,[],[],['Đã có sổ'],['Nhà phố liền kề'],[],[],[],[],['Hoàn thiện cơ bản'],[],[],['Hẻm xe hơi'],[],"102,5 triệu/m²","7,38 tỷ- 72 m2đ"
12,1% Biệt thự Bùi Hữu Nghĩa 108m2 gần Q1,"Đường Bùi Hữu Nghĩa, Phường 2, Quận Bình Thạnh, Tp Hồ Chí Minh",[],[],[],[],[],108 m²,216 m²,6 phòng,6 phòng,[],[],6 m,16 m,[],[],['Đã có sổ'],['Nhà biệt thự'],[],[],[],[],['Nội thất cao cấp'],[],[],"['Hẻm xe hơi', 'Nở hậu']",[],"94,44 triệu/m²","10,2 tỷ- 108 m2đ"
13,Biệt thự đẹp. 6x20. P13. Bình thạnh,"Đường Đặng Thùy Trâm, Phường 13, Quận Bình Thạnh, Tp Hồ Chí Minh",[],[],[],[],[],128 m²,[],5 phòng,6 phòng,[],[],6 m,20 m,['Đông'],[],['Đã có sổ'],['Nhà biệt thự'],[],[],[],[],[],[],[],['Hẻm xe hơi'],[],"117,19 triệu/m²",15 tỷ- 128 m2đ
14,BÁN BIỆT THỰ ĐƯỜNG ĐẶNG THÙY TRÂM( TRỤC 30) P13 BT,"Đường Đặng Thùy Trâm, Phường 13, Quận Bình Thạnh, Tp Hồ Chí Minh",[],[],[],[],[],200 m²,200 m²,6 phòng,Nhiều hơn 6 phòng,3,[],10 m,20 m,[],[],['Đã có sổ'],['Nhà biệt thự'],[],[],[],[],['Nội thất cao cấp'],[],[],['Hẻm xe hơi'],[],90 triệu/m²,18 tỷ- 200 m2đ
15,Bán Gấp Căn Biệt Thự 88m2 Nguyễn Văn Đậu Giá 5ty4,"Đường Nguyễn Văn Đậu, Phường 11, Quận Bình Thạnh, Tp Hồ Chí Minh",[],[],[],[],[],88 m²,[],3 phòng,4 phòng,[],[],8 m,11 m,[],[],['Đã có sổ'],['Nhà biệt thự'],[],[],[],[],[],[],[],['Nở hậu'],[],"61,36 triệu/m²","5,4 tỷ
GIÁ TỐT
- 88 m2đ"
16,Nhà Đẹp Bình Thạnh 2PN DT 54m2 hẻm Xe Hơi Giá 3ty9,"Đường Phạm Văn Đồng, Phường 11, Quận Bình Thạnh, Tp Hồ Chí Minh",[],[],[],[],[],54 m²,108 m²,2 phòng,3 phòng,[],[],4.9 m,11 m,[],[],['Đã có sổ'],['Nhà biệt thự'],[],[],[],[],[],[],[],[],[],"72,22 triệu/m²","3,9 tỷ
GIÁ TỐT
- 54 m2đ"
17,NHÀ 3 LẦU HẺM ÔTÔ HOÀNG HOA THÁM BÌNH THẠNH 250m2,"153, Đường Hoàng Hoa Thám, Phường 6, Quận Bình Thạnh, Tp Hồ Chí Minh",[],[],[],[],[],65 m²,250 m²,4 phòng,4 phòng,3,[],4 m,15 m,['Đông Nam'],[],['Đã có sổ'],['Nhà phố liền kề'],[],[],[],[],['Nội thất đầy đủ'],[],[],"['Hẻm xe hơi', 'Nở hậu']",[],"126,15 triệu/m²","8,2 tỷ- 65 m2đ"
18,Bán Nhà 3L Sân thượng Đường 10m vĩa hè 4x20 CN,"Cư xá Nguyên Hồng, Phường 11, Quận Bình Thạnh, Tp Hồ Chí Minh",[],[],[],[],[],80 m²,[],4 phòng,3 phòng,[],[],4 m,20 m,[],[],[],['Nhà phố liền kề'],[],[],[],[],[],[],[],[],[],"143,75 triệu/m²","11,5 tỷ- 80 m2đ"
19,BÁN BIỆT THỰ TT B. THẠNH GIÁ RẼ CÓ HẦM GARA XE HƠI,"Đường Chu Văn An, Phường 12, Quận Bình Thạnh, Tp Hồ Chí Minh",[],[],[],[],[],135 m²,105 m²,5 phòng,5 phòng,[],[],7 m,18.5 m,[],[],['Đã có sổ'],['Nhà biệt thự'],[],[],[],[],[],[],[],['Nở hậu'],[],"57,78 triệu/m²","7,8 tỷ- 135 m2đ"
20,BÁN BIỆT THỰ TT B. THẠNH GIÁ RẼ CÓ HẦM GARA XE HƠI,"Đường Chu Văn An, Phường 12, Quận Bình Thạnh, Tp Hồ Chí Minh",[],[],[],[],[],135 m²,105 m²,5 phòng,5 phòng,[],[],7 m,18.5 m,[],[],['Đã có sổ'],['Nhà biệt thự'],[],[],[],[],[],[],[],['Nở hậu'],[],"57,78 triệu/m²","7,8 tỷ- 135 m2đ"
21,Bán nhà biệt thự mini hẻm Nơ Trang Long giá rẻ,"482//, Đường Nơ Trang Long, Phường 13, Quận Bình Thạnh, Tp Hồ Chí Minh",[],[],[],[],[],63 m²,150 m²,4 phòng,3 phòng,3,[],6.3 m,10 m,['Đông Nam'],[],['Đã có sổ'],['Nhà biệt thự'],[],[],[],[],['Hoàn thiện cơ bản'],[],[],['Nở hậu'],[],"100,79 triệu/m²","6,35 tỷ- 63 m2đ"
22,"Biệt thự Điện Biên Phủ, 2 tầng mới đẹp","Điện Biên Phủ, Phường 15, Quận Bình Thạnh, Tp Hồ Chí Minh",[],[],[],[],[],92 m²,[],3 phòng,4 phòng,[],[],7 m,14 m,[],[],[],['Nhà biệt thự'],[],[],[],[],[],[],[],[],[],"127,17 triệu/m²","11,7 tỷ- 92 m2đ"
23,"Biệt thự Bạch Đằng, 108m2, 3 tầng mới đẹp","Đường Bạch Đằng, Phường 2, Quận Bình Thạnh, Tp Hồ Chí Minh",[],[],[],[],[],108 m²,[],6 phòng,3 phòng,3,[],8 m,16 m,[],[],['Đã có sổ'],['Nhà biệt thự'],[],[],[],[],[],[],[],['Hẻm xe hơi'],[],"94,44 triệu/m²","10,2 tỷ- 108 m2đ"
24,Vinhomes Central Park 275m² 4 tầng 5pn,"208, 208 Đường Nguyễn Hữu Cảnh, Phường 22, Quận Bình Thạnh, Tp Hồ Chí Minh",Vinhomes Central Park,[],[],[],[],278 m²,500 m²,5 phòng,6 phòng,4,[],17 m,16.5 m,[],[],['Đã có sổ'],['Nhà biệt thự'],[],[],[],[],['Hoàn thiện cơ bản'],[],[],[],[],"363,31 triệu/m²",101 tỷ- 278 m2đ
25,nhà gác suốt 56m2đuong bạch đằng p 6 Bình thạnh,"182/112g, Đường Bạch Đằng, Phường 6, Quận Bình Thạnh, Tp Hồ Chí Minh",[],[],[],[],[],28 m²,56 m²,2 phòng,1 phòng,[],[],4 m,7 m,['Đông Nam'],[],['Giấy tờ khác'],['Nhà phố liền kề'],[],[],[],[],[],[],[],[],[],"48,21 triệu/m²","1,35 tỷ- 28 m2đ"
26,"Gấp! cần bán nhà biệt thự Bình Thạnh,112m2","Đường Đặng Thùy Trâm, Phường 13, Quận Bình Thạnh, Tp Hồ Chí Minh",[],[],[],[],[],112 m²,[],5 phòng,[],[],[],[],[],[],[],['Đã có sổ'],['Nhà biệt thự'],[],[],[],[],[],[],[],['Hẻm xe hơi'],[],"40,18 triệu/m²","4,5 tỷ- 112 m2đ"
27,Nhà 96/36A Đặng Thùy Trâm. Dt 5x24m. trệt 2 lầu ST,"96/36A, Đường Đặng Thùy Trâm, Phường 13, Quận Bình Thạnh, Tp Hồ Chí Minh",[],[],[],[],[],120 m²,[],5 phòng,6 phòng,[],[],5 m,24 m,[],[],['Đã có sổ'],['Nhà phố liền kề'],[],[],[],[],[],[],[],['Hẻm xe hơi'],[],"82,5 triệu/m²","9,9 tỷ- 120 m2đ"
28,Nhà vila hẻm đường Điện Biên Phủ. Bình Thạnh,"Đường Điện Biên Phủ, Phường 15, Quận Bình Thạnh, Tp Hồ Chí Minh",[],[],[],[],[],91 m²,500 m²,8 phòng,Nhiều hơn 6 phòng,3,[],3.51 m,22.63 m,['Đông Nam'],[],['Đã có sổ'],['Nhà biệt thự'],[],[],[],[],[],[],[],"['Hẻm xe hơi', 'Nở hậu']",[],"104,4 triệu/m²","9,5 tỷ- 91 m2đ"
29,Nhà bán chính chủ,"217/9/11A1, Đường Bùi Đình Túy, Phường 24, Quận Bình Thạnh, Tp Hồ Chí Minh",[],[],[],[],[],50 m²,203 m²,5 phòng,3 phòng,4,[],4.5 m,12 m,['Đông Nam'],[],['Đã có sổ'],['Nhà phố liền kề'],[],[],[],[],[],[],[],['Hẻm xe hơi'],[],156 triệu/m²,"7,8 tỷ- 50 m2đ"
30,Biệt thự mini cư xá Thanh Đa P27 Q.Bình Thạnh,"Đường số 12A, Phường 27, Quận Bình Thạnh, Tp Hồ Chí Minh",[],[],[],[],[],120 m²,[],4 phòng,[],[],[],6 m,20 m,[],[],['Đã có sổ'],['Nhà biệt thự'],[],[],[],[],[],[],[],[],[],39 triệu/m²,"4,68 tỷ- 120 m2đ"
31,Nhà Bùi Đình Túy Bình Thạnh 60m2 Sổ Hồng Riêng,"Đường Bùi Đình Túy, Phường 24, Quận Bình Thạnh, Tp Hồ Chí Minh",[],[],[],[],[],60 m²,[],4 phòng,4 phòng,3,[],[],[],[],[],['Đã có sổ'],['Nhà phố liền kề'],[],[],[],[],[],[],[],['Hẻm xe hơi'],[],"113,33 triệu/m²","6,8 tỷ- 60 m2đ"
32,Vinhomes Central Park 326m² 1 hầm 4 lầu,"208, 208 Đường Nguyễn Hữu Cảnh, Phường 22, Quận Bình Thạnh, Tp Hồ Chí Minh",Vinhomes Central Park,[],[],[],[],326 m²,500 m²,5 phòng,5 phòng,5,[],17 m,19.2 m,[],[],['Đang chờ sổ'],['Nhà biệt thự'],[],[],[],[],['Bàn giao thô'],[],[],[],[],"294,48 triệu/m²",96 tỷ- 326 m2đ
33,Nhà đẹp,"Đường Nơ Trang Long, Phường 12, Quận Bình Thạnh, Tp Hồ Chí Minh",[],[],[],[],[],7.8 m²,7.8 m²,3 phòng,2 phòng,[],[],3.1 m,2.6 m,[],[],['Đã có sổ'],['Nhà phố liền kề'],[],[],[],[],[],[],[],[],[],"364,29 triệu/m²","2,55 tỷ- 7.8 m2đ"
34,"Bán nhà HXH XVNT, Bình Thạnh, 84m2, 4 Lầu, 12.8 TỶ","Đường Xô Viết Nghệ Tĩnh, Phường 24, Quận Bình Thạnh, Tp Hồ Chí Minh",[],[],[],[],[],84 m²,280 m²,5 phòng,6 phòng,[],[],6 m,14 m,[],[],[],['Nhà biệt thự'],[],[],[],[],[],[],[],[],[],"152,38 triệu/m²","12,8 tỷ- 84 m2đ"
35,"Bán Biệt Thự Mini Nơ Trang Long, Bình Thạnh, 16 tỷ","Đường Nơ Trang Long, Phường 13, Quận Bình Thạnh, Tp Hồ Chí Minh",[],[],[],[],[],114 m²,300 m²,4 phòng,4 phòng,[],[],7.5 m,16 m,[],[],['Đã có sổ'],['Nhà biệt thự'],[],[],[],[],[],[],[],['Hẻm xe hơi'],[],"140,35 triệu/m²",16 tỷ- 114 m2đ
36,Bán Nhà Có Dãy Trọ cho Thuê 10tr ngay KCN Bến Cát,"Đường Phạm Văn Đồng, Phường 3, Quận Bình Thạnh, Tp Hồ Chí Minh",[],[],[],[],[],150 m²,200 m²,2 phòng,2 phòng,[],[],5 m,30 m,[],[],['Đã có sổ'],['Nhà phố liền kề'],[],[],[],[],['Nội thất đầy đủ'],[],[],[],[],"9,67 triệu/m²","1,45 tỷ- 150 m2đ"
37,"Cần bán nhà biệt thự Bình Thạnh, P13 - DT 10x21.","đặng thùy trâm, Phường 13, Quận Bình Thạnh, Tp Hồ Chí Minh",[],[],[],[],[],210 m²,210 m²,1 phòng,1 phòng,[],[],10 m,21 m,[],[],[],['Nhà biệt thự'],[],[],[],[],[],[],[],[],[],"85,71 triệu/m²",18 tỷ- 210 m2đ
38,Thanh lý căn nhà ngay trục Ql13 thủ nhập 10tr /thá,"Đường Quốc Lộ 13||6918, Phường 17, Quận Bình Thạnh, Tp Hồ Chí Minh",[],[],[],[],[],86 m²,192 m²,2 phòng,2 phòng,[],[],5 m,30 m,[],[],['Đã có sổ'],['Nhà phố liền kề'],[],[],[],[],[],[],[],[],[],"11,63 triệu/m²",1 tỷ- 86 m2đ
39,Biệt thự Phan Đăng Lưu P6 Bình Thạnh 264m2 - 30 tỷ,"Đường Phan Đăng Lưu, Phường 6, Quận Bình Thạnh, Tp Hồ Chí Minh",[],[],[],[],[],264 m²,264 m²,4 phòng,4 phòng,2,[],8 m,33 m,[],[],['Đã có sổ'],['Nhà biệt thự'],[],[],[],[],[],[],[],['Hẻm xe hơi'],[],"113,64 triệu/m²",30 tỷ- 264 m2đ
40,Nhà chính chủ 2.5×10 nở hậu 3.95 Bùi Hữu Nghĩa P2,"Đường Bùi Hữu Nghĩa, Phường 2, Quận Bình Thạnh, Tp Hồ Chí Minh",[],[],[],[],[],28 m²,[],3 phòng,2 phòng,2,[],3 m,10 m,[],[],['Đã có sổ'],['Nhà phố liền kề'],[],[],[],[],['Hoàn thiện cơ bản'],[],[],['Hẻm xe hơi'],[],"117,86 triệu/m²","3,3 tỷ- 28 m2đ"
41,Biệt thự bùi đình túy(10x13m2) cn: 124m2 .BT,"32, Đường Bùi Đình Túy, Phường 12, Quận Bình Thạnh, Tp Hồ Chí Minh",[],[],[],[],[],124 m²,248 m²,6 phòng,6 phòng,2,[],10 m,13 m,[],[],['Đã có sổ'],['Nhà biệt thự'],[],[],[],[],['Nội thất đầy đủ'],[],[],"['Hẻm xe hơi', 'Nở hậu']",[],"112,9 triệu/m²",14 tỷ- 124 m2đ
42,Biệt thự 247/12B Bình Lợi.DT 10X18M.Trệt 2 lầu.,"247/12B, Bình Lơi, Phường 13, Quận Bình Thạnh, Tp Hồ Chí Minh",[],[],[],[],[],180 m²,280 m²,4 phòng,5 phòng,[],[],10 m,18 m,[],[],['Đã có sổ'],['Nhà biệt thự'],[],[],[],[],[],[],[],['Hẻm xe hơi'],[],"80,56 triệu/m²","14,5 tỷ- 180 m2đ"
43,"Nhà HXH Nguyễn Thượng Hiền,Bình Thạnh,56m2, 7.5 TỶ","Đường Nguyễn Thượng Hiền, Phường 1, Quận Bình Thạnh, Tp Hồ Chí Minh",[],[],[],[],[],56 m²,200 m²,4 phòng,5 phòng,[],[],4 m,14 m,[],[],[],['Nhà phố liền kề'],[],[],[],[],[],[],[],[],[],"133,93 triệu/m²","7,5 tỷ- 56 m2đ"
44,Biệt Thự đường Phan Đăng Lưu 3 lầu 160m2 giá 28 tỷ,"Đường Phan Đăng Lưu, Phường 6, Quận Bình Thạnh, Tp Hồ Chí Minh",[],[],[],[],[],160 m²,160 m²,4 phòng,5 phòng,3,[],8 m,20 m,[],[],['Đã có sổ'],['Nhà biệt thự'],[],[],[],[],[],[],[],['Hẻm xe hơi'],[],175 triệu/m²,28 tỷ- 160 m2đ
45,Khu VIP Nguyễn Văn Đậu,"Đường Nguyễn Văn Đậu, Phường 11, Quận Bình Thạnh, Tp Hồ Chí Minh",[],[],[],[],[],52 m²,200 m²,4 phòng,3 phòng,4,[],4.35 m,12 m,[],[],['Đã có sổ'],['Nhà phố liền kề'],[],[],[],[],['Nội thất đầy đủ'],[],[],"['Hẻm xe hơi', 'Nở hậu']",[],"201,92 triệu/m²","10,5 tỷ- 52 m2đ"
46,,,[],[],[],[],[],[],[],[],[],[],[],[],[],[],[],[],[],[],[],[],[],[],[],[],[],[],[],
47,Biệt thự Nguyễn Cửu Vân 7x15m 3 lầu,"Đường Nguyễn Cửu Vân, Phường 17, Quận Bình Thạnh, Tp Hồ Chí Minh",[],[],[],[],[],100 m²,[],5 phòng,6 phòng,[],[],[],[],[],[],[],['Nhà biệt thự'],[],[],[],[],[],[],[],[],[],145 triệu/m²,"14,5 tỷ- 100 m2đ"
48,Biệt thự Điện Biên Phủ chính chủ bán đang cho thuê,"Đường Điện Biên Phủ, Phường 15, Quận Bình Thạnh, Tp Hồ Chí Minh",[],[],[],[],[],91 m²,91 m²,3 phòng,3 phòng,[],[],7 m,14 m,[],[],['Đã có sổ'],['Nhà biệt thự'],[],[],[],[],['Nội thất đầy đủ'],[],[],[],[],"76,92 triệu/m²",7 tỷ- 91 m2đ
49,"bán gấp nhà Lam Sơn,p6, BT. 8*18, 4 lầu.....","Đường Lam Sơn, Phường 6, Quận Bình Thạnh, Tp Hồ Chí Minh",[],[],[],[],[],140 m²,600 m²,4 phòng,5 phòng,[],[],8 m,18 m,[],[],['Đã có sổ'],['Nhà biệt thự'],[],[],[],[],['Nội thất cao cấp'],[],[],['Hẻm xe hơi'],[],200 triệu/m²,28 tỷ- 140 m2đ
50,BÁN NHÀ KHU DÂN CƯ BÌNH LỢI-QUẬN BÌNH THẠNH,"Đường Đặng Thùy Trâm, Phường 13, Quận Bình Thạnh, Tp Hồ Chí Minh",[],[],[],[],[],60 m²,240 m²,4 phòng,[],3,[],4 m,15 m,['Nam'],[],[],['Nhà phố liền kề'],[],[],[],[],['Nội thất đầy đủ'],[],[],['Hẻm xe hơi'],[],130 triệu/m²,"7,8 tỷ- 60 m2đ"
51,Bán nhà đinh bộ lĩnh 4x10m hẻm 3m chính chủ giá rẻ,"Đường Đinh Bộ Lĩnh, Phường 26, Quận Bình Thạnh, Tp Hồ Chí Minh",[],[],[],[],[],40 m²,80 m²,2 phòng,1 phòng,2,[],4 m,10 m,['Tây Bắc'],[],['Đã có sổ'],['Nhà phố liền kề'],[],[],[],[],[],[],[],"['Hẻm xe hơi', 'Nở hậu']",[],95 triệu/m²,"3,8 tỷ- 40 m2đ"
52,Bán nhà hẻm 8m Đinh Tiên Hoàng-Trường Sa 4.6x13m,"Đường Đinh Tiên Hoàng, Phường 1, Quận Bình Thạnh, Tp Hồ Chí Minh",[],[],[],[],[],60 m²,150 m²,4 phòng,3 phòng,3,[],4.6 m,13 m,[],[],['Đã có sổ'],['Nhà phố liền kề'],[],[],[],[],[],[],[],['Hẻm xe hơi'],[],"182,5 triệu/m²","10,95 tỷ- 60 m2đ"
53,Bán nhà mới xây đường Nguyễn Văn Đậu Q. Bình Thanh,"Đường Nguyễn Văn Đậu, Phường 7, Quận Bình Thạnh, Tp Hồ Chí Minh",[],[],[],[],[],100 m²,400 m²,4 phòng,5 phòng,[],[],5 m,20 m,[],[],['Đã có sổ'],['Nhà biệt thự'],[],[],[],[],['Hoàn thiện cơ bản'],[],[],['Hẻm xe hơi'],[],"39,5 triệu/m²","3,95 tỷ- 100 m2đ"
54,"Biệt thự KDC bình hoà, 11 x 21, 3 lầu, đường lớn","Đường Đặng Thùy Trâm, Phường 13, Quận Bình Thạnh, Tp Hồ Chí Minh",[],[],[],[],[],210 m²,350 m²,5 phòng,6 phòng,[],[],10 m,21 m,[],[],['Đã có sổ'],['Nhà biệt thự'],[],[],[],[],[],[],[],[],[],"88,1 triệu/m²","18,5 tỷ- 210 m2đ"
55,"NHÀ ĐIỆN BIÊN PHỦ, PHƯỜNG 15, BÌNH THẠNH, TP.HCM","Đường Điện Biên Phủ, Phường 15, Quận Bình Thạnh, Tp Hồ Chí Minh",[],[],[],[],[],38 m²,60 m²,3 phòng,2 phòng,[],[],3.1 m,12.2 m,['Đông Nam'],[],['Đã có sổ'],['Nhà phố liền kề'],[],[],[],[],['Nội thất đầy đủ'],[],[],[],[],"136,84 triệu/m²","5,2 tỷ- 38 m2đ"
56,"CC bán biệt thự Thái, 7x15m, 4 tầng, Đinh Bộ Lĩnh","82/2, Đinh Bộ Lĩnh, Phường 26, Quận Bình Thạnh, Tp Hồ Chí Minh",[],[],[],[],[],107 m²,230 m²,4 phòng,5 phòng,4,[],7 m,15 m,['Bắc'],[],['Đã có sổ'],['Nhà biệt thự'],[],[],[],[],['Nội thất cao cấp'],[],[],"['Hẻm xe hơi', 'Nở hậu']",[],"126,17 triệu/m²","13,5 tỷ- 107 m2đ"
57,Bán Nhà 1 trệt 3 lầu,"482/43E, Đường Nơ Trang Long, Phường 13, Quận Bình Thạnh, Tp Hồ Chí Minh",[],[],[],[],[],56 m²,52 m²,4 phòng,5 phòng,[],[],4 m,14 m,['Tây Nam'],[],['Đã có sổ'],['Nhà phố liền kề'],[],[],[],[],['Nội thất cao cấp'],[],[],['Hẻm xe hơi'],[],"130,36 triệu/m²","7,3 tỷ- 56 m2đ"
58,Bán gấp nhà Bùi Đình Túy 50m2 giá 7.5 tỷ bao giấy,"Đường Bùi Đình Túy, Phường 12, Quận Bình Thạnh, Tp Hồ Chí Minh",[],[],[],[],[],52 m²,150 m²,4 phòng,4 phòng,[],[],4 m,13 m,[],[],[],['Nhà phố liền kề'],[],[],[],[],[],[],[],[],[],"145,19 triệu/m²","7,55 tỷ- 52 m2đ"
59,"Biệt thự mini Lê Quang Định, Bình Thạnh","Đường Lê Quang Định, Phường 11, Quận Bình Thạnh, Tp Hồ Chí Minh",[],[],[],[],[],200 m²,[],4 phòng,4 phòng,[],[],[],[],['Nam'],[],['Đã có sổ'],['Nhà biệt thự'],[],[],[],[],['Nội thất cao cấp'],[],[],"['Hẻm xe hơi', 'Nở hậu']",[],129 triệu/m²,"25,8 tỷ- 200 m2đ"
60,Biệt thự mini 86m2 hẻm xe hơi Lê Quang Định p7 BT,"Đường Lê Quang Định, Phường 7, Quận Bình Thạnh, Tp Hồ Chí Minh",[],[],[],[],[],86 m²,129 m²,2 phòng,3 phòng,2,[],5 m,19 m,['Đông Nam'],[],['Đã có sổ'],['Nhà biệt thự'],[],[],[],[],[],[],[],['Hẻm xe hơi'],[],"104,65 triệu/m²",9 tỷ- 86 m2đ
61,Nhà Chính chủ - Giá Tốt - Chưa qua Đầu tư,"Đường Nơ Trang Long, Phường 12, Quận Bình Thạnh, Tp Hồ Chí Minh",[],[],[],[],[],164 m²,[],3 phòng,3 phòng,[],[],[],[],[],[],['Đã có sổ'],['Nhà biệt thự'],[],[],[],[],[],[],[],['Hẻm xe hơi'],[],"92,68 triệu/m²","15,2 tỷ- 164 m2đ"
62,Nhà HXH ngang khủng 7m XVNT,"Đường Xô Viết Nghệ Tĩnh, Phường 24, Quận Bình Thạnh, Tp Hồ Chí Minh",[],[],[],[],[],92 m²,300 m²,5 phòng,5 phòng,4,[],7 m,11.5 m,[],[],['Đã có sổ'],['Nhà phố liền kề'],[],[],[],[],['Nội thất đầy đủ'],[],[],['Hẻm xe hơi'],[],"139,13 triệu/m²","12,8 tỷ- 92 m2đ"
63,"BIỆT THỰ PHÁP,HXH, 78M,10,5 TỶ, NG. XÍ, BÌNH THẠNH","Đường Nguyễn Xí, Phường 26, Quận Bình Thạnh, Tp Hồ Chí Minh",[],[],[],[],[],78 m²,[],5 phòng,5 phòng,[],[],[],[],[],[],['Đã có sổ'],['Nhà biệt thự'],[],[],[],[],['Nội thất cao cấp'],[],[],['Hẻm xe hơi'],[],"133,97 triệu/m²","10,45 tỷ- 78 m2đ"
64,"Bán nhà HXH Lam Sơn, Q.Bình Thạnh 152m2 giá 24 tỷ","Đường Lam Sơn, Phường 6, Quận Bình Thạnh, Tp Hồ Chí Minh",[],[],[],[],[],152 m²,152 m²,1 phòng,1 phòng,[],[],7.5 m,19 m,[],[],[],['Nhà biệt thự'],[],[],[],[],[],[],[],[],[],"157,89 triệu/m²",24 tỷ- 152 m2đ
65,,,[],[],[],[],[],[],[],[],[],[],[],[],[],[],[],[],[],[],[],[],[],[],[],[],[],[],[],
66,"Bán nhanh Biệt Thự Mini Tại Nơ Trang Long, Q. BT","Đường Nơ Trang Long, Phường 12, Quận Bình Thạnh, Tp Hồ Chí Minh",[],[],[],[],[],90.5 m²,231 m²,5 phòng,6 phòng,[],[],6.6 m,15 m,[],[],['Đã có sổ'],['Nhà biệt thự'],[],[],[],[],['Nội thất đầy đủ'],[],[],"['Hẻm xe hơi', 'Nở hậu']",[],150 triệu/m²,"13,5 tỷ- 90.5 m2đ"
67,nhà 8.5x20 hẻm 336/ nơ trang long hẻm xe tải,"Đường Nơ Trang Long, Phường 13, Quận Bình Thạnh, Tp Hồ Chí Minh",[],[],[],[],[],165 m²,165 m²,4 phòng,4 phòng,[],[],8 m,20 m,[],[],['Đã có sổ'],['Nhà biệt thự'],[],[],[],[],[],[],[],['Hẻm xe hơi'],[],"93,94 triệu/m²","15,5 tỷ- 165 m2đ"
68,Nhà MT đường Vũ Huy Tấn kế bên PXL 65.8m2. P3.Q.BT,"số 2 Lô 3, Đường Vũ Huy Tấn, Phường 3, Quận Bình Thạnh, Tp Hồ Chí Minh",[],[],[],[],[],66 m²,[],5 phòng,4 phòng,[],[],4 m,15 m,[],[],['Đã có sổ'],['Nhà phố liền kề'],[],[],[],[],[],[],[],[],[],"257,58 triệu/m²",17 tỷ- 66 m2đ
69,Nhà 950 triệu giấy phép xây dựng số nhà đầy đủ,"55C, Hà Huy Giáp Quận 12, Phường 17, Quận Bình Thạnh, Tp Hồ Chí Minh",[],[],[],[],[],24 m²,48 m²,2 phòng,2 phòng,[],[],3 m,8 m,['Đông Nam'],[],['Đã có sổ'],['Nhà phố liền kề'],[],[],[],[],['Nội thất đầy đủ'],[],[],['Hẻm xe hơi'],[],"39,58 triệu/m²",950 triệu- 24 m2đ
70,Bán Nhà Biệt Thự Hẻm an ninh đường Nơ Trang Long,"Đường Nơ Trang Long, Phường 13, Quận Bình Thạnh, Tp Hồ Chí Minh",[],[],[],[],[],120 m²,350 m²,5 phòng,5 phòng,[],[],6.95 m,16 m,[],[],[],['Nhà biệt thự'],[],[],[],[],[],[],[],[],[],"137,5 triệu/m²","16,5 tỷ- 120 m2đ"
71,"Bán gấp nhà D2 180m2 giá 27tỷ, 8,2x22m",Đường D2,[],[],[],[],[],180.4 m²,721 m²,10 phòng,Nhiều hơn 6 phòng,[],[],8.2 m,22 m,[],[],[],['Nhà biệt thự'],[],[],[],[],[],[],[],[],[],"149,44 triệu/m²","26,9 tỷ- 180.4 m2đ"
72,"Nhà bán VIP XVNT,P24,Bình Thạnh 92m2,chỉ hơn 12 tỷ","XVNT, Phường 24, Quận Bình Thạnh, Tp Hồ Chí Minh",[],[],[],[],[],92 m²,360 m²,5 phòng,5 phòng,4,[],7 m,14 m,[],[],['Đã có sổ'],['Nhà biệt thự'],[],[],[],[],['Nội thất cao cấp'],[],[],"['Hẻm xe hơi', 'Nở hậu']",[],"139,13 triệu/m²","12,8 tỷ- 92 m2đ"
73,"Bán biệt thự đẹp 93m2 đường D5, BThanh giá cực mềm","Đường D5, Phường 25, Quận Bình Thạnh, Tp Hồ Chí Minh",[],[],[],[],[],93 m²,[],4 phòng,4 phòng,[],[],4.7 m,21 m,[],[],['Đã có sổ'],['Nhà biệt thự'],[],[],[],[],['Nội thất cao cấp'],[],[],[],[],"102,15 triệu/m²","9,5 tỷ- 93 m2đ"
74,,,[],[],[],[],[],[],[],[],[],[],[],[],[],[],[],[],[],[],[],[],[],[],[],[],[],[],[],
75,Biệt thự Bình Thạnh 32 tỷ Giảm sốc còn 28 tỷ,"Đường Nguyễn Văn Đậu, Phường 6, Quận Bình Thạnh, Tp Hồ Chí Minh",[],[],[],[],[],140 m²,[],4 phòng,5 phòng,[],[],8 m,18 m,[],[],['Đã có sổ'],['Nhà biệt thự'],[],[],[],[],['Nội thất cao cấp'],[],[],"['Hẻm xe hơi', 'Nở hậu']",[],200 triệu/m²,28 tỷ- 140 m2đ
76,"Bán biệt thự mini gần chợ nguyễn xí, 8x15","Đường Nơ Trang Long, Phường 13, Quận Bình Thạnh, Tp Hồ Chí Minh",[],[],[],[],[],120 m²,124 m²,3 phòng,2 phòng,[],[],8 m,15 m,[],[],['Đã có sổ'],['Nhà biệt thự'],[],[],[],[],[],[],[],[],[],"61,25 triệu/m²","7,35 tỷ- 120 m2đ"
